case_id,customer_query,true_intent,true_escalate,reference_criteria
case_2296817,When are you going to have the Stranger Things monopoly in stock on the UK site???,PRODUCT_AVAILABILITY_AND_INQUIRY,False,"Provide details on product availability, features, or direct the user to the correct catalog page."
case_1502859,"login &gt; says im authorized to my merchant based on CID/MCID &gt; ""go to homepage button"" isn't working, redirects to same page.",ACCOUNT_ACCESS_AND_SECURITY,False,Guide the user through account recovery steps or provide a link to the account security team.
case_927475,thanks for posting this early and free of charge! 😁 [LINK],PAYMENT_AND_PROMOTIONAL_PRICING,False,"Clarify the billing concern, promotional terms, or payment status clearly."
case_382878,I've just had the most rude delivery person. Not happy.,SERVICE_COMPLAINT_AND_AGENT_FEEDBACK,False,Provide the current tracking status and apologize for any delivery delays.
case_168012,"What can i do? If i want to start delivery providing business with amazon .. because already i have tried alot of times to call Amazon support team and customer care, Kindly give me the information about ATS and procedures to start the business...",ORDER_TRACKING_AND_DELIVERY_STATUS,False,Provide the current tracking status and apologize for any delivery delays.
case_2965343,"Was waiting for a parcel from that I ordered 18th Nov. Was a little worried that it still hadn’t arrived, so went to investigate. Had been chucked over gate round side of the house and sat there for 8 days with no note. Box sodden, yet to check products inside. [LINK]",PACKAGE_DAMAGED_OR_MISSING,False,Apologize for the issue and offer a prompt replacement or investigation into the missing item.
case_1185803,Yo when can I expect Mario Odyssey to be shipped? Order says delivery date pending. I didn't get prime for nothing.,ORDER_TRACKING_AND_DELIVERY_STATUS,False,Provide the current tracking status and apologize for any delivery delays.
case_2318392,"Welche Möglichkeiten hat man, wenn der Account gehackt wurde während man im Urlaub war. Die E-Mail Adresse wurde geändert, aber unbekannt auf welche. Kann man das irgendwie rausfinden? Angeblich soll alles zurückgebucht werden, aber nichts passiert.",SERVICE_COMPLAINT_AND_AGENT_FEEDBACK,False,"Acknowledge the negative experience, apologize sincerely, and ask for further details to improve service."
case_1345575,"Hey, Amazon asks for monthly statement for my new card, but I have no statement yet, What can I do? My account is on hold now :(",PAYMENT_AND_PROMOTIONAL_PRICING,False,"Clarify the billing concern, promotional terms, or payment status clearly."
case_2161774,Are you experiencing any outages in Seattle 98155? Have connection but not working right now!,SERVICE_COMPLAINT_AND_AGENT_FEEDBACK,False,"Acknowledge the negative experience, apologize sincerely, and ask for further details to improve service."
case_1050430,"Come on, Amazon - 50 percent of the CDs I’ve ordered this month come with broken/cracked cases. There must be a smarter way to ship than bubble wrap envelopes that don’t protect them. #amazon",PACKAGE_DAMAGED_OR_MISSING,False,Apologize for the issue and offer a prompt replacement or investigation into the missing item.
case_1614520,Amazing customer service from my little boys replacement kindle just arrived after reporting late on Friday!! Amazed 😍,REFUND_AND_RETURN_REQUEST,False,Provide clear instructions or a direct link for processing the return or refund.
case_709007,had worst experience shopping with you at recent sale..4 out of my 5 orders had/has issue,SERVICE_COMPLAINT_AND_AGENT_FEEDBACK,False,Provide the current tracking status and apologize for any delivery delays.
case_1191351,Never buying any electronic product from Amazon ever again. Thanks for the hassle &amp; trouble over the past few days,PRODUCT_AVAILABILITY_AND_INQUIRY,False,"Provide details on product availability, features, or direct the user to the correct catalog page."
case_385652,Order Details - Ordered on 1 October 2017 Order# 405-4239698-8457130. Please help!,ORDER_TRACKING_AND_DELIVERY_STATUS,False,Provide the current tracking status and apologize for any delivery delays.
case_2537455,Beyond a joke my account has been locked now 3 times on a week and you still haven't contacted me! Long 24 hours! #amazon #joke,ACCOUNT_ACCESS_AND_SECURITY,False,Guide the user through account recovery steps or provide a link to the account security team.
case_1693564,"Worst experience ever. Rude CSRs, saying they are unable to help when it's clear they can. Loyal customer of 14 years gets this?",SERVICE_COMPLAINT_AND_AGENT_FEEDBACK,False,"Acknowledge the negative experience, apologize sincerely, and ask for further details to improve service."
case_2467217,Is there a way to check the little $5s here and there I've gotten by delaying shipping and see what I haven't used yet?,ORDER_TRACKING_AND_DELIVERY_STATUS,False,Provide the current tracking status and apologize for any delivery delays.
case_2704165,I messed up scratching off the code of my gift card. Can you help please?,PAYMENT_AND_PROMOTIONAL_PRICING,False,"Clarify the billing concern, promotional terms, or payment status clearly."
case_781974,please stop cheating #prime members with delivery promises you can fulfill. Worst service among all e-tailor.,SERVICE_COMPLAINT_AND_AGENT_FEEDBACK,False,Provide the current tracking status and apologize for any delivery delays.
case_2319948,amazon.in is down?,SERVICE_COMPLAINT_AND_AGENT_FEEDBACK,False,"Acknowledge the negative experience, apologize sincerely, and ask for further details to improve service."
case_11044,you keep insisting you havnt taken any money from me dispite proof! #givememymoneyback [LINK],SERVICE_COMPLAINT_AND_AGENT_FEEDBACK,False,"Acknowledge the negative experience, apologize sincerely, and ask for further details to improve service."
case_416675,"WTFwhy do I keep getting a error with my account saying""there was a problem your password is not correct I havereset the thing 5",ACCOUNT_ACCESS_AND_SECURITY,False,Guide the user through account recovery steps or provide a link to the account security team.
case_2405135,Had email with £40 off a Kindle. Website won't allow the code says it's expired.,PAYMENT_AND_PROMOTIONAL_PRICING,False,"Clarify the billing concern, promotional terms, or payment status clearly."
case_321393,2 day guarantee must be a soft guarantee... things rarely get here in 2 days. Ordered on 10/3 still not here,ORDER_TRACKING_AND_DELIVERY_STATUS,False,Provide the current tracking status and apologize for any delivery delays.
case_1491750,my account has been locked. I can't login to access the helpline. Please assist,ACCOUNT_ACCESS_AND_SECURITY,False,Guide the user through account recovery steps or provide a link to the account security team.
case_2227056,can't cancel the membership either as they blocked my account. Unacceptable to block someone yet still charge prime membership!,ACCOUNT_ACCESS_AND_SECURITY,False,Guide the user through account recovery steps or provide a link to the account security team.
case_1240066,If I'm ordering an item that's supplied from Amazon Warehouse (from USA to Canada) will there be an import charge/fee?,ORDER_TRACKING_AND_DELIVERY_STATUS,False,Provide the current tracking status and apologize for any delivery delays.
case_2787780,"when will the returns be fixed on the website? I've been trying to return an item for a week now. I get an error message every time I hit ""return""",REFUND_AND_RETURN_REQUEST,False,Provide clear instructions or a direct link for processing the return or refund.
case_2382519,why was I charged $15 for a one month trial of prime?,SUBSCRIPTION_AND_DIGITAL_SERVICES,False,Assist the user with their subscription or digital service query by providing relevant links or steps.
case_755717,Need to get a refund of this product that I returned. ResQTech Pressure Washer. [LINK],REFUND_AND_RETURN_REQUEST,False,Provide clear instructions or a direct link for processing the return or refund.
case_2677995,Hi can you please stop sending me payment declined emails. I’ve updated my payment method and received &amp; paid for the product!,PAYMENT_AND_PROMOTIONAL_PRICING,False,"Clarify the billing concern, promotional terms, or payment status clearly."
case_1085952,"need to return an item because it's the wrong size but can't contact seller to find out procedure, advice?",REFUND_AND_RETURN_REQUEST,False,Provide clear instructions or a direct link for processing the return or refund.
case_107337,"hello, my partner has ordered some things &amp; they still havent arrived although when she checks her account it says they have been delivered,order number 202-1745465-0997939. also 2 extra payments have gone out of her bank account adding up to £19.99, any ideas? thanks",PACKAGE_DAMAGED_OR_MISSING,False,Apologize for the issue and offer a prompt replacement or investigation into the missing item.
case_2570095,". ¿Os parece normal que reciba un paquete así? Sin caja, con una pegatina en la caja propia del juguete y encima rota la caja? [LINK]",SERVICE_COMPLAINT_AND_AGENT_FEEDBACK,False,"Acknowledge the negative experience, apologize sincerely, and ask for further details to improve service."
case_2226757,someone from amazon called and Spoke Hindi then hung up. Regarding the bag issue,SERVICE_COMPLAINT_AND_AGENT_FEEDBACK,False,"Acknowledge the negative experience, apologize sincerely, and ask for further details to improve service."
case_564883,"Hi. An item I ordered is showing as delivered on 29/11/2017, except there is no sign of the parcel and no note saying where the delivery is. How can I find out what's happened?",PACKAGE_DAMAGED_OR_MISSING,False,Apologize for the issue and offer a prompt replacement or investigation into the missing item.
case_2807303,where did my check out button go? So frustrating! Have been trying to check out for 30 minutes! [LINK],SERVICE_COMPLAINT_AND_AGENT_FEEDBACK,False,"Acknowledge the negative experience, apologize sincerely, and ask for further details to improve service."
case_752380,hello i just received this email its look my amzon account hacked i hope can i get my account back [LINK],ACCOUNT_ACCESS_AND_SECURITY,True,Immediately escalate to the appropriate specialized team (fraud/security/legal) and empathize with the user's distress.
case_1677127,"Hey , I don't like being lied to. Don't have your people promise refunds for sending me damaged books, then go back on their word",REFUND_AND_RETURN_REQUEST,False,Provide clear instructions or a direct link for processing the return or refund.
case_557042,I get back home to an item which has been delivered. How disappointed are my class of 30 children going to be with a BRAND NEW story book which is noticeably damaged? ☹️ [LINK],SERVICE_COMPLAINT_AND_AGENT_FEEDBACK,False,Apologize for the issue and offer a prompt replacement or investigation into the missing item.
case_295314,", your proceed to checkout button isn't working on MacBook chrome. I NEED TO BUY THE ADVIL TABLETS. Jk but I'm kind of serious.",SERVICE_COMPLAINT_AND_AGENT_FEEDBACK,False,"Acknowledge the negative experience, apologize sincerely, and ask for further details to improve service."
case_2570139,what is the procedure in getting a refund,REFUND_AND_RETURN_REQUEST,False,Provide clear instructions or a direct link for processing the return or refund.
case_2905136,"Who do I contact when my packages were purposefully ripped open and they arrived like this? Almost fully ripped across, where hands can get in? How do I prove items are missing upon opening them? [LINK]",PACKAGE_DAMAGED_OR_MISSING,False,Apologize for the issue and offer a prompt replacement or investigation into the missing item.
case_1030263,wann kommt die neue folge von Ouat Staffel 7 OV/OmU ?,SERVICE_COMPLAINT_AND_AGENT_FEEDBACK,False,"Acknowledge the negative experience, apologize sincerely, and ask for further details to improve service."
case_69952,"So, we own Past Perfect Music label, the trademark &amp; distrib/manuf. keep saying ""due to our inability to verify info provided &amp; info re...prior selling history &amp; listings...your (music) listings affected...are inactive"" Why? Loads of our CDs stuck waiting FBA",ORDER_TRACKING_AND_DELIVERY_STATUS,False,Provide the current tracking status and apologize for any delivery delays.
case_2537496,Plz refund amt  Id P04-3502126-3246225,REFUND_AND_RETURN_REQUEST,False,Provide clear instructions or a direct link for processing the return or refund.
case_1732581,your outsourced business process team manning the AMAZON chat is useless and unilaterally closed my chat request without adequate resolution of my order 114-7761640-6439427 mysterious cancellation. HORRENDOUS SERVICE,SERVICE_COMPLAINT_AND_AGENT_FEEDBACK,False,Provide the current tracking status and apologize for any delivery delays.
case_1274801,"My order got cancelled without any reason. order no 402-5632050-1212327. Can you please update, why?",ORDER_TRACKING_AND_DELIVERY_STATUS,False,Provide the current tracking status and apologize for any delivery delays.
case_2644144,"hello, my prime account got blocked. no apparent reason and no instructions to fix. waiting on an urgent package.",ACCOUNT_ACCESS_AND_SECURITY,False,Guide the user through account recovery steps or provide a link to the account security team.
case_2598548,I had raised the return request on 14 November of my order - ORDER # 171-4736243-6810751. but still no once show up. Still waiting for the person to pick up the product.  could you please look into it,REFUND_AND_RETURN_REQUEST,False,Provide clear instructions or a direct link for processing the return or refund.
case_2686015,Another #prime delivery that has failed to turn up on the specified day not like i need this order for my holiday tomorrow,ORDER_TRACKING_AND_DELIVERY_STATUS,False,Provide the current tracking status and apologize for any delivery delays.
case_2762137,"hii i need your help,, i ordered a moto g plus 8 to 9 months ago.i am in service centre right now they are asking for the invoice..i just have the imei number..can u help??",ORDER_TRACKING_AND_DELIVERY_STATUS,False,Provide the current tracking status and apologize for any delivery delays.
case_853895,Why are two of my orders being cancelled due to being 'damaged in transit and will not be delivered' - you have taken the money.,PACKAGE_DAMAGED_OR_MISSING,False,Apologize for the issue and offer a prompt replacement or investigation into the missing item.
case_2367997,why did I get charged $40 for cancelling my prime membership? I cancelled it because I didn't have $10.99. this is unacceptable,SUBSCRIPTION_AND_DIGITAL_SERVICES,False,Assist the user with their subscription or digital service query by providing relevant links or steps.
case_2974989,"if i order the Limited Edition Destiny 2 Ghost, do i get charged today or a couple of days before it comes out since it comes out on the 19th of december",ORDER_TRACKING_AND_DELIVERY_STATUS,False,Provide the current tracking status and apologize for any delivery delays.
case_2978871,Not holding out much hope of this arriving today now guys... where's it gone? [LINK],SERVICE_COMPLAINT_AND_AGENT_FEEDBACK,False,"Acknowledge the negative experience, apologize sincerely, and ask for further details to improve service."
case_2735647,"I got a call back from today regarding my misdelivered packages. I didn't get the name of the rep who spoke with me, but he was super helpful! Thank you folks!!",PACKAGE_DAMAGED_OR_MISSING,False,Apologize for the issue and offer a prompt replacement or investigation into the missing item.
case_463409,y’all got 1 (one) hour left to deliver this I got two day shipping it was supposed to be here yesterday I hope I get a refund for paying extra on that two day shipping cost,REFUND_AND_RETURN_REQUEST,False,Provide clear instructions or a direct link for processing the return or refund.
case_427310,this is the third time its happening your delivery agents are not responding and even the customer service is worst.,SERVICE_COMPLAINT_AND_AGENT_FEEDBACK,False,Provide the current tracking status and apologize for any delivery delays.
case_2514026,Hi guys. Is there anyway to find if if you post to a specific address? I am away shortly and want to make drinks orders.,ORDER_TRACKING_AND_DELIVERY_STATUS,False,Provide the current tracking status and apologize for any delivery delays.
case_379912,"Hi, I'm still waiting for my purchase number 408-3051320-116676. (France)",ORDER_TRACKING_AND_DELIVERY_STATUS,False,Provide the current tracking status and apologize for any delivery delays.
case_2141296,I am trying to sell a few items on your site but it keeps trying to sell me a 39.99 a month plan like i am a business i just want the single individual plan,PRODUCT_AVAILABILITY_AND_INQUIRY,False,"Provide details on product availability, features, or direct the user to the correct catalog page."
case_2807531,. I don't want the bloody refund. Get me the book for which I had waited for a month and still u assured me that I ll get it . After having waiting for a month and u assuring me that it ll b delivered in the stipulated time . The very next u do this [LINK],REFUND_AND_RETURN_REQUEST,False,Provide clear instructions or a direct link for processing the return or refund.
case_1225764,I preordered the Xbox One X and selected one day shipping. Microsoft says that it releases 11/7 but there is still no release/delivery date on my order. Trying to make sure I am home that day. Help?,ORDER_TRACKING_AND_DELIVERY_STATUS,False,Provide the current tracking status and apologize for any delivery delays.
case_1221815,You don't care your customers ..You make cry us...give me your ceo email id i want to mail him... Very poor service from you,SERVICE_COMPLAINT_AND_AGENT_FEEDBACK,False,"Acknowledge the negative experience, apologize sincerely, and ask for further details to improve service."
case_315748,"Hi, I preordered an item that’s going to be released Oct 10, going to order items on Oct 10 again. Can you combine the 2 orders",ORDER_TRACKING_AND_DELIVERY_STATUS,False,Provide the current tracking status and apologize for any delivery delays.
case_2899707,"Spoken to a rep, a Kindle ""expert"" and person in leadership. Asked for next level and am told by a 'leadership' member, Yale, that there is higher level and to make complaint about customer service must send an email to cs-reply. Is that correct?",SERVICE_COMPLAINT_AND_AGENT_FEEDBACK,False,"Acknowledge the negative experience, apologize sincerely, and ask for further details to improve service."
case_2447467,"Why Mr Robot seasson 3 is not available in Colombia? if i can pay, you must to give me the tv serie. Now i quit my amazon account and i will be watch it on illegal way",SUBSCRIPTION_AND_DIGITAL_SERVICES,True,Immediately escalate to the appropriate specialized team (fraud/security/legal) and empathize with the user's distress.
case_471576,Can i just say it’s a bit pointless having an amazon help twitter account when you can’t check individual cases... The whole point of this is to help.,SERVICE_COMPLAINT_AND_AGENT_FEEDBACK,False,"Acknowledge the negative experience, apologize sincerely, and ask for further details to improve service."
case_2790439,how much better is the echo than the echo dot? I'm already thinking of getting one.,SERVICE_COMPLAINT_AND_AGENT_FEEDBACK,False,"Acknowledge the negative experience, apologize sincerely, and ask for further details to improve service."
case_2907814,"Hi, how do I chat online to someone regarding an order? I can't find it on amazon uk.",ORDER_TRACKING_AND_DELIVERY_STATUS,False,Provide the current tracking status and apologize for any delivery delays.
case_787125,my account has been locked pending verification of my CC. I have sent the required fax 3 times. what more do you want?,ACCOUNT_ACCESS_AND_SECURITY,False,Guide the user through account recovery steps or provide a link to the account security team.
case_1953366,"Hallo! Ich hatte mir letztes Jahr im April Kopfhörer bestellt, die jetzt jedoch einen Wackelkontakt haben. Der Verkauf erfolgte durch *MEMORYKING* und der Versand durch Amazon. Wähle ich jetzt unter ""Meine Bestellungen"" die Kopfhörer aus, habe ich keine (1/2)",SERVICE_COMPLAINT_AND_AGENT_FEEDBACK,False,"Acknowledge the negative experience, apologize sincerely, and ask for further details to improve service."
case_714727,why the help 55MUS is not available since one month and online it shows in stock. Wether shut it down or stop busines,PRODUCT_AVAILABILITY_AND_INQUIRY,False,"Provide details on product availability, features, or direct the user to the correct catalog page."
case_2286325,"I was able to get instructions how to cancel my Prime membership in 19 seconds but no help as to why my package that was “out for delivery” was not delivered with 2 other packages I received yesterday. Great work, !!",SUBSCRIPTION_AND_DIGITAL_SERVICES,False,Assist the user with their subscription or digital service query by providing relevant links or steps.
case_1097322,"i love it when your support team transfers me four times to a dead line, really great service",SERVICE_COMPLAINT_AND_AGENT_FEEDBACK,False,"Acknowledge the negative experience, apologize sincerely, and ask for further details to improve service."
case_1140940,"Can't login and having trouble resetting my password, can you assist?",ACCOUNT_ACCESS_AND_SECURITY,False,Guide the user through account recovery steps or provide a link to the account security team.
case_505898,"Your customer service is horrendous, so far the third attempt to resolve an issue is a fail!!!",SERVICE_COMPLAINT_AND_AGENT_FEEDBACK,False,"Acknowledge the negative experience, apologize sincerely, and ask for further details to improve service."
case_2424515,Wow j'ai pris mon essai d'Amazon prime et mon colis arrive quand même en retard? Des explications ??,ORDER_TRACKING_AND_DELIVERY_STATUS,False,Provide the current tracking status and apologize for any delivery delays.
case_2245571,"ricevuta email disattivazione account e rimozione ordine per sospetto accesso non autorizzato. Confermo mio accesso dall’estero, nessuna violazione! Effettuata procedura indicata cambio password NON FUNZIONA da questa mattina!!!!! Restituitemi l’account, please!",ACCOUNT_ACCESS_AND_SECURITY,False,Guide the user through account recovery steps or provide a link to the account security team.
case_2924446,"Yoooo , why was my prime delivery changed from today to FRIDAY? And at the last second too. I was counting on that delivery for something.",ORDER_TRACKING_AND_DELIVERY_STATUS,False,Provide the current tracking status and apologize for any delivery delays.
case_729036,"hey guys, can I use an amazon gift card on tickets.amazon?",PAYMENT_AND_PROMOTIONAL_PRICING,False,"Clarify the billing concern, promotional terms, or payment status clearly."
case_13900,is there a way to know if the Amazon gift cards I send are being used?,PAYMENT_AND_PROMOTIONAL_PRICING,False,"Clarify the billing concern, promotional terms, or payment status clearly."
case_69847,hi an item i orderd says it cannot be delivered and i am to contact amazon for assistance?,PACKAGE_DAMAGED_OR_MISSING,False,Apologize for the issue and offer a prompt replacement or investigation into the missing item.
case_1666571,"Highly disappointed with More than INR 14,000 is to be refunded and no1 cares to revert to a single mail of mine!",SERVICE_COMPLAINT_AND_AGENT_FEEDBACK,False,Provide clear instructions or a direct link for processing the return or refund.
case_391609,Cada vez que España manda algo con todo es un desastre. Tercer pedido con problemas. Lamentable el tema.,SERVICE_COMPLAINT_AND_AGENT_FEEDBACK,False,"Acknowledge the negative experience, apologize sincerely, and ask for further details to improve service."
case_385912,pathetic service. Delivered broken product and not providing replacement of broken product even [LINK],SERVICE_COMPLAINT_AND_AGENT_FEEDBACK,False,Provide clear instructions or a direct link for processing the return or refund.
case_1373646,"i placed a prime now order yesterday (&gt;a day in advance) and requested a 7-9 pm delivery, and it’s now been changed to midnight?",ORDER_TRACKING_AND_DELIVERY_STATUS,False,Provide the current tracking status and apologize for any delivery delays.
case_1595308,4 seperate 1 day orders not arrived yesterday and today - #amazon customer service very poor #prime #primefail,ORDER_TRACKING_AND_DELIVERY_STATUS,False,Provide the current tracking status and apologize for any delivery delays.
case_2621095,I've really been impressed with support lately! [LINK],ORDER_TRACKING_AND_DELIVERY_STATUS,False,Provide the current tracking status and apologize for any delivery delays.
case_381960,- Guys...does Amazon Fire Stick helps me to mirror my android phone on tv,SERVICE_COMPLAINT_AND_AGENT_FEEDBACK,False,"Acknowledge the negative experience, apologize sincerely, and ask for further details to improve service."
case_78879,"Pregunta para ¿Hay alguna forma de que dejar claro que no quiero que me entreguen un paquete en un buzon? Me parece absurdo pagar por un envio o por ser Prime para no tener ni siquiera ese derecho, ¡Que ventajas tenemos los Prime!",SERVICE_COMPLAINT_AND_AGENT_FEEDBACK,False,"Acknowledge the negative experience, apologize sincerely, and ask for further details to improve service."
case_386433,Sellers are not at all responsible for ADDRESS LABEL pick ups related issue. Then why it is counted in RDR?,ORDER_TRACKING_AND_DELIVERY_STATUS,False,Provide the current tracking status and apologize for any delivery delays.
case_2599134,"Hey when will this chair be available in Amazon again? Its out of stock now  ""Amaze"" Folding Easy reclining household living room padded cushion chair-Red [LINK]",PRODUCT_AVAILABILITY_AND_INQUIRY,False,"Provide details on product availability, features, or direct the user to the correct catalog page."
case_1129290,Hi ! I used my personal account to buy a book that I want to read on my work ipad w/ work account. Can we fix this? Tnx!,SERVICE_COMPLAINT_AND_AGENT_FEEDBACK,False,"Acknowledge the negative experience, apologize sincerely, and ask for further details to improve service."
case_1334979,"ORDER # 206-8387037-4784361 STILL not fulfilled. Unsuitable packaging, Broken packaging, Missing order.",PACKAGE_DAMAGED_OR_MISSING,False,Apologize for the issue and offer a prompt replacement or investigation into the missing item.
case_663773,Order # 408-6865546-7929946 Invoice Not Received.. Kindly send invoice..,PACKAGE_DAMAGED_OR_MISSING,False,Apologize for the issue and offer a prompt replacement or investigation into the missing item.
case_537502,"I pre-ordered this in January, released in October, told I would get it in November, but am still waiting, with no estimated delivery date (but other UK sellers have it) [LINK]",ORDER_TRACKING_AND_DELIVERY_STATUS,False,Provide the current tracking status and apologize for any delivery delays.
case_382823,so I have amazon prime and my order was on guaranteed next day delivery well it isn’t here? I needed that order yesterday.,ORDER_TRACKING_AND_DELIVERY_STATUS,False,Provide the current tracking status and apologize for any delivery delays.
case_2830760,"hi there. I think I'm getting emails from someone claiming to be you but I think is spam, is there anywhere I could send them to check?",ACCOUNT_ACCESS_AND_SECURITY,False,Guide the user through account recovery steps or provide a link to the account security team.
case_2363190,"Not once, or twice, but three separate times I've paid for Amazon one day shipping only to get my package after 2-3 days regardless...starting to feel like its a real scam",ORDER_TRACKING_AND_DELIVERY_STATUS,True,Immediately escalate to the appropriate specialized team (fraud/security/legal) and empathize with the user's distress.
case_652,Is it possible to prevent AMZL from delivering my packages moving forward? Stuff is either lost/stolen/broken EVERY time.,PACKAGE_DAMAGED_OR_MISSING,True,Immediately escalate to the appropriate specialized team (fraud/security/legal) and empathize with the user's distress.
case_2478826,I sent x 2 items back to you on 7th November. You have refund one item. The other for £154.99 has not been refund. I’ve been told to wait 7 working days. I’ve waited and still no money in my account. Where is my REFUND AMAZON??? Your custemure service #sucks #terible,SERVICE_COMPLAINT_AND_AGENT_FEEDBACK,False,Provide clear instructions or a direct link for processing the return or refund.
case_631723,Hallo! Wird die Serie Ally MacBeal in näherer Zukunft für Prime Abonnenten in Österreich verfügbar sein?,SERVICE_COMPLAINT_AND_AGENT_FEEDBACK,False,"Acknowledge the negative experience, apologize sincerely, and ask for further details to improve service."
case_942723,your customer service sucks,SERVICE_COMPLAINT_AND_AGENT_FEEDBACK,False,"Acknowledge the negative experience, apologize sincerely, and ask for further details to improve service."
case_2192320,hello - I was wondering - how many days does it take for a gift card refund to be processed on to your account? Thanks in advance,REFUND_AND_RETURN_REQUEST,False,Provide clear instructions or a direct link for processing the return or refund.
case_71935,"Good morning, do you have any information about when will Intel Core i5 8400 CPU be available to buy? Thanks!",PRODUCT_AVAILABILITY_AND_INQUIRY,False,"Provide details on product availability, features, or direct the user to the correct catalog page."
case_367922,"delivery is great &amp; all until the driver decides it’s raining too hard, falsely marks your packages delivered, &amp; leaves😠",PACKAGE_DAMAGED_OR_MISSING,False,Apologize for the issue and offer a prompt replacement or investigation into the missing item.
case_2944355,"Me: The part of your app where I can apply credit card points is broken : I see you're having a credit card issue-call the bank Me: No, your app is broken, here's a screenshot : Here's the # for the CC company (Repeat 2x) Me: Nevermind Target has diapers too",PACKAGE_DAMAGED_OR_MISSING,False,Apologize for the issue and offer a prompt replacement or investigation into the missing item.
case_1013032,Amazon is a liar,SERVICE_COMPLAINT_AND_AGENT_FEEDBACK,False,"Acknowledge the negative experience, apologize sincerely, and ask for further details to improve service."
case_2722652,could we get some proper amazon support over at the UK region as well please?,SERVICE_COMPLAINT_AND_AGENT_FEEDBACK,False,"Acknowledge the negative experience, apologize sincerely, and ask for further details to improve service."
case_930403,if I bought a ps4 plus membership download code (rather than physical card) can I give that code to someone else (Christmas etc) or would the code need to be applied straightaway?,SUBSCRIPTION_AND_DIGITAL_SERVICES,False,Assist the user with their subscription or digital service query by providing relevant links or steps.
case_470192,"Sir your is Pathetic, they have kept two ""Customer Care Numbers"" 180030009009 and 18004197355"" but no executive take calls and after the recorded blah blah the call gets disconnected. it's tarnishing your Co's image in India",SERVICE_COMPLAINT_AND_AGENT_FEEDBACK,False,"Acknowledge the negative experience, apologize sincerely, and ask for further details to improve service."
case_477710,Your customer service team are the worst I have ever dealt with. You keep answering with the same information that does not apply to my issue. Appalling.,SERVICE_COMPLAINT_AND_AGENT_FEEDBACK,False,"Acknowledge the negative experience, apologize sincerely, and ask for further details to improve service."
case_475064,ordered on .co.uk with prime delivery on Wednesday at around 3pm. Possibly won’t have until the 5th? No explanation given as to why 😔 [LINK],ORDER_TRACKING_AND_DELIVERY_STATUS,False,Provide the current tracking status and apologize for any delivery delays.
case_1953639,"Dear team, I have recharged my Jio number on 9th Nov having cashback of Rs 99 but I have received cash back of only Rs 20. I have confirmed through customer care before recharge and they have committed for cashback of Rs 99.",REFUND_AND_RETURN_REQUEST,False,Provide clear instructions or a direct link for processing the return or refund.
case_2592138,"Hi Amazon, I never received a package that says delivered it's been 3 days since it says it was delivered to my address if u could help that would be great",PACKAGE_DAMAGED_OR_MISSING,False,Apologize for the issue and offer a prompt replacement or investigation into the missing item.
case_2807275,"Hi, my amazon account has had its email address changed by a hacker and I can't get in, how do I report this?",SERVICE_COMPLAINT_AND_AGENT_FEEDBACK,False,"Acknowledge the negative experience, apologize sincerely, and ask for further details to improve service."
case_2226807,hi I've unsubscribed many times to Amazon tickets and I still get the emails every day- please help I don't want to have them!!,SUBSCRIPTION_AND_DIGITAL_SERVICES,False,Assist the user with their subscription or digital service query by providing relevant links or steps.
case_2292683,"I have a problem i have reset my password but i have the msg ""Your password is incorect "" can you help me ?",ACCOUNT_ACCESS_AND_SECURITY,False,Guide the user through account recovery steps or provide a link to the account security team.
case_2355290,Your customer service sucks.,SERVICE_COMPLAINT_AND_AGENT_FEEDBACK,False,"Acknowledge the negative experience, apologize sincerely, and ask for further details to improve service."
case_1671307,I have these exact tires on my vehicle but you guys say they don’t fit? Am I missing something? [LINK],PACKAGE_DAMAGED_OR_MISSING,False,Apologize for the issue and offer a prompt replacement or investigation into the missing item.
case_590820,can someone call me immediately? I have spent an hour trying to sort my late items on chat and phone. You just cut me off. I'm so fed up,SERVICE_COMPLAINT_AND_AGENT_FEEDBACK,False,Provide the current tracking status and apologize for any delivery delays.
case_586847,"MRP means ""Maximum Retail Price"". How can a seller sell a product at a price higher than MRP on your platform. This needs to be regulated. #Amazon  *Refer to my previous tweet for details*",ORDER_TRACKING_AND_DELIVERY_STATUS,False,Provide the current tracking status and apologize for any delivery delays.
case_1139784,Never buy from .Estimated delivery date was 23rd Oct but have not received the product yet.Proofs are attached below. [LINK],PACKAGE_DAMAGED_OR_MISSING,False,Apologize for the issue and offer a prompt replacement or investigation into the missing item.
case_2884066,". please provide a smooth delivery of my product Your boys delivered goods at this address prior,but now my address is not locating.Check your distribution/delivery depmnt many companies sank due to this.Solve my issue ASAP [LINK]",PACKAGE_DAMAGED_OR_MISSING,False,Apologize for the issue and offer a prompt replacement or investigation into the missing item.
case_1208364,"I left specific instructions for my delivery, Item was not received and it says delivered.  Order# 114-6470303-3753861",PACKAGE_DAMAGED_OR_MISSING,False,Apologize for the issue and offer a prompt replacement or investigation into the missing item.
case_2917148,Why do I have £1 pending in my bank account from you when I haven't bought anything???,SERVICE_COMPLAINT_AND_AGENT_FEEDBACK,False,"Acknowledge the negative experience, apologize sincerely, and ask for further details to improve service."
case_2171426,Worst service I never expected from you,SERVICE_COMPLAINT_AND_AGENT_FEEDBACK,False,"Acknowledge the negative experience, apologize sincerely, and ask for further details to improve service."
case_707343,My boyfriend has been promised a call back from the Accounts team 3 times during the last 3 months to arrange cancellation of...,SERVICE_COMPLAINT_AND_AGENT_FEEDBACK,False,"Acknowledge the negative experience, apologize sincerely, and ask for further details to improve service."
case_2859784,this may be a silly question but the service plans are only for items sold via amazon right? I can't just buy a plan for an item I bought elsewhere?,SERVICE_COMPLAINT_AND_AGENT_FEEDBACK,False,"Acknowledge the negative experience, apologize sincerely, and ask for further details to improve service."
case_1744062,"I’ve tried every way I can think of to get my account with unlocked, not they’re just ignoring me-please help me I just want to spend my money?! #amazon #worstcustomerservice #whywontyouhelpme [LINK]",SERVICE_COMPLAINT_AND_AGENT_FEEDBACK,False,Guide the user through account recovery steps or provide a link to the account security team.
case_2603132,my replacement process is still not happen. I am not get any update about it from you. It's 22nd day from I requested to replacement. I continuesly contacts you via phone and emails. But there is no use by yours customer services. Take a look at it.,REFUND_AND_RETURN_REQUEST,False,Provide clear instructions or a direct link for processing the return or refund.
case_295742,"Very Bad response. I have written response, I haven't got my refund still.",REFUND_AND_RETURN_REQUEST,False,Provide clear instructions or a direct link for processing the return or refund.
case_1319881,"hi I have a transaction gone out of my bank but no email or record on my Amazon account, can you find out what it is please?",SERVICE_COMPLAINT_AND_AGENT_FEEDBACK,False,"Acknowledge the negative experience, apologize sincerely, and ask for further details to improve service."
case_1215424,i cant sing in to my account on amazon cause i need a code that u send to my email n then hotmail its not working what can i do?,PAYMENT_AND_PROMOTIONAL_PRICING,False,"Clarify the billing concern, promotional terms, or payment status clearly."
case_2813568,TAKING CHARGE AND POSTING #WARNING ON #FAKE EMAILS   DOES NOT DO OR SAY ANYTHING #BEWARE #CVS  #FRAUDULENT EMAILS #AMAZON #AmazonHelp Good show!!!!! #BRILLIANT [LINK],ACCOUNT_ACCESS_AND_SECURITY,True,Immediately escalate to the appropriate specialized team (fraud/security/legal) and empathize with the user's distress.
case_2863353,Have been trying to fix problem since Saturday. EVERY time I deal with Customer Service I am given INCORRECT INFORMATION. I WANT TO SPEAK TO SOMEONE COMPETENT IN AUSTRALIA.,SERVICE_COMPLAINT_AND_AGENT_FEEDBACK,False,"Acknowledge the negative experience, apologize sincerely, and ask for further details to improve service."
case_75993,whats the situation with Prime at the moment? Just ordered a few things on Prime one day and they're not coming until Monday.,ORDER_TRACKING_AND_DELIVERY_STATUS,False,Provide the current tracking status and apologize for any delivery delays.
case_1350238,sent an email stating my account was hacked. I’ve yet to receive a response. Thanks for allowing someone else have access to my account and information. Feeling safe knowing y’all don’t give a fuck about your customers.,ACCOUNT_ACCESS_AND_SECURITY,True,Immediately escalate to the appropriate specialized team (fraud/security/legal) and empathize with the user's distress.
case_2142929,It seems that charged me twice for a recent order by accident. Having trouble finding what I should do to resolve this issue.,ORDER_TRACKING_AND_DELIVERY_STATUS,False,Provide the current tracking status and apologize for any delivery delays.
case_235131,When says they’ll replace your lost parcel at no extra cost yet you still get a £1 charge from them... 🤔,ORDER_TRACKING_AND_DELIVERY_STATUS,False,Provide the current tracking status and apologize for any delivery delays.
case_2405129,"is there anyway that I can request not to use for delivery? An Amazon prime item has yet to be delivered, despite an arrival date of November 9. It was to be delivered yesterday, Monday, but still nothing.",PACKAGE_DAMAGED_OR_MISSING,False,Apologize for the issue and offer a prompt replacement or investigation into the missing item.
case_355624,"are ridiculous, my accounts been hacked and theres nothing you can do because its not a valid email address anymore???",ACCOUNT_ACCESS_AND_SECURITY,True,Immediately escalate to the appropriate specialized team (fraud/security/legal) and empathize with the user's distress.
case_2774148,"U r giving same reply every time, how many times we have to give details, we replied somany times on call email twitter but neither you gave us our cashback nor any response, it doesn't look nice for Amazon brand [LINK]",REFUND_AND_RETURN_REQUEST,False,Provide clear instructions or a direct link for processing the return or refund.
case_2449352,"why when I place an order with 17 hours left to receive my purchase by Thursday, does my confirmation tell me it will arrive on Friday! I guess a good way to charge for shipping. #thanksfornothingprime",ORDER_TRACKING_AND_DELIVERY_STATUS,False,Provide the current tracking status and apologize for any delivery delays.
case_2856611,"my friend had his order of merch stolen from his porch, please help",PACKAGE_DAMAGED_OR_MISSING,True,Immediately escalate to the appropriate specialized team (fraud/security/legal) and empathize with the user's distress.
case_2456118,issue with the refund...worst service encountered ever,SERVICE_COMPLAINT_AND_AGENT_FEEDBACK,False,Provide clear instructions or a direct link for processing the return or refund.
case_701359,I really try not to complain on here but really has the worst customer service 😩 two missing parcels and no one can help 😩😩🙈,SERVICE_COMPLAINT_AND_AGENT_FEEDBACK,False,Apologize for the issue and offer a prompt replacement or investigation into the missing item.
case_326721,i just bought fifa 18. It keeps giving me error messages. I want a replacement please,REFUND_AND_RETURN_REQUEST,False,Provide clear instructions or a direct link for processing the return or refund.
case_1100516,received the attached 2 days ago and still no delivery... for the delivery charges you charge this isnt right and I really shouldn't be waiting over a week anyway [LINK],ORDER_TRACKING_AND_DELIVERY_STATUS,False,Provide the current tracking status and apologize for any delivery delays.
case_2488961,"hi, I received my order and unfortunately it is damaged as it has been rolling around a box. Can you please advise what can be done? Thank you",PACKAGE_DAMAGED_OR_MISSING,False,Apologize for the issue and offer a prompt replacement or investigation into the missing item.
case_1223039,"order id 405-8226026-7249114, not delivered, no courier man contacted, falsely updated refused to take , now you are not returning my money, CC say money will return after receiving items, please return my money",REFUND_AND_RETURN_REQUEST,False,Provide clear instructions or a direct link for processing the return or refund.
case_1473722,So said they put a note in my account that packages are to be delivered at my door. Guess what? Two packages of mine in there.. [LINK],PACKAGE_DAMAGED_OR_MISSING,False,Apologize for the issue and offer a prompt replacement or investigation into the missing item.
case_487826,unable to add my gift card received for yippee product. Tried so many times. But I'm getting only error message. How to solve?,PAYMENT_AND_PROMOTIONAL_PRICING,False,"Clarify the billing concern, promotional terms, or payment status clearly."
case_1676340,"Disappointed amazon sells old products, purchased new watch on 6NOV17 and found calls of july17. Fraud (Order- 4__credit_card__",SERVICE_COMPLAINT_AND_AGENT_FEEDBACK,True,Immediately escalate to the appropriate specialized team (fraud/security/legal) and empathize with the user's distress.
case_1258294,"Hey, I live permanantaly in the UK But im staying with my girlfrend in the US, If I buy a season on Prime Video in the US (1/2)",SUBSCRIPTION_AND_DIGITAL_SERVICES,False,Assist the user with their subscription or digital service query by providing relevant links or steps.
case_2855085,Bonsoir. J'ai acheté Kindle et je veux le utiliser avec compte [LINK] Mail il connecte automatiquement amazon.fr. Comment je pourra utiliser en tant que co.jp ?,SERVICE_COMPLAINT_AND_AGENT_FEEDBACK,False,"Acknowledge the negative experience, apologize sincerely, and ask for further details to improve service."
case_486817,It took 11 days still package has not arrived . It showing attempt was failed. If I contact costumer care it showing ur number was blocked. Wat is this ??? [LINK],ACCOUNT_ACCESS_AND_SECURITY,False,Guide the user through account recovery steps or provide a link to the account security team.
case_1150914,you got people in the Philippines who don't speak English handling support and refuse to transfer me to someone in USA,SERVICE_COMPLAINT_AND_AGENT_FEEDBACK,False,"Acknowledge the negative experience, apologize sincerely, and ask for further details to improve service."
case_2902514,hi trying to set up a kindle fire with my existing amazon ac not working and despite me asking for password reset it getting any reset emails,ACCOUNT_ACCESS_AND_SECURITY,False,Guide the user through account recovery steps or provide a link to the account security team.
case_2923537,Please stop sending movies and video games out in padded envelopes. The protection is not sufficient and almost everyone of the cases arrives with minor cracks or chips. 3/3 were damaged in my last order. Boxes ftw. Thanks,PACKAGE_DAMAGED_OR_MISSING,False,Apologize for the issue and offer a prompt replacement or investigation into the missing item.
case_2102711,"Dear Sir l have ordered my NOKIA model number 130 DS (Black) mobile with amazon order no 403-9527897-0448309, dated 27.10.2017. I have received the phone on 07.11.2017",ORDER_TRACKING_AND_DELIVERY_STATUS,False,Provide the current tracking status and apologize for any delivery delays.
case_2783159,Just wanted to let you know after 4 years as a prime member i will never use amazon again. Last 4 orders i placed have been messed up. Each time support tried to help i ended up with the exact same problem as before.,ORDER_TRACKING_AND_DELIVERY_STATUS,False,Provide the current tracking status and apologize for any delivery delays.
case_1456416,U didnt resolve my query yet. I havent received any call from your team.,SERVICE_COMPLAINT_AND_AGENT_FEEDBACK,False,"Acknowledge the negative experience, apologize sincerely, and ask for further details to improve service."
case_932278,40 days gone but did not get refund. [LINK],REFUND_AND_RETURN_REQUEST,False,Provide clear instructions or a direct link for processing the return or refund.
case_1324527,I don't know what are you doing with your team or what you doing my concern is my refund courier service is yours 1/2 [LINK],REFUND_AND_RETURN_REQUEST,False,Provide clear instructions or a direct link for processing the return or refund.
case_2595430,still no response from ur side after giving u all my product details wat type of service u ppl have,PRODUCT_AVAILABILITY_AND_INQUIRY,False,"Provide details on product availability, features, or direct the user to the correct catalog page."
case_667722,"Placed an order through last night, sat here 8 hrs, Notified via echo dot it was delivered to my door, open my door and 0. Amazon delivery driver steals package?? REALLY AMAZON? Asks if I want refund but does not fix theft of own workers. 👎🏼",REFUND_AND_RETURN_REQUEST,False,Provide clear instructions or a direct link for processing the return or refund.
case_669185,"are these the same 2 sellers? One has rating, other doesn't.  [LINK] [LINK]",PRODUCT_AVAILABILITY_AND_INQUIRY,False,"Provide details on product availability, features, or direct the user to the correct catalog page."
case_11073,isn't prime two day shipping supposed to be guaranteed? what happens when its late?,ORDER_TRACKING_AND_DELIVERY_STATUS,False,Provide the current tracking status and apologize for any delivery delays.
case_1668375,"team I am fed up dealing an issue with our support team on emails, handling of my case was just ridiculous",SERVICE_COMPLAINT_AND_AGENT_FEEDBACK,False,"Acknowledge the negative experience, apologize sincerely, and ask for further details to improve service."
case_1586190,is all this packaging necessary for such a small item? [LINK],SERVICE_COMPLAINT_AND_AGENT_FEEDBACK,False,"Acknowledge the negative experience, apologize sincerely, and ask for further details to improve service."
case_1350017,"Hey, now me, my wife and my friend have all had the same thing done. We ordered, you took the money, then said the card was declined, we have to add more money to the card and then it works. Why are you authorising it and then not taking it??",ORDER_TRACKING_AND_DELIVERY_STATUS,False,Provide the current tracking status and apologize for any delivery delays.
case_641821,"Hi . I bought an electrical product on 4th October and it's stopped working properly. Can you help please, as I can't see an option of how to return on the website? Thanks for your help! [LINK]",REFUND_AND_RETURN_REQUEST,False,Provide clear instructions or a direct link for processing the return or refund.
case_1299539,do i have to sacrifice my first born to you for you guys to unlock my account? ive changed passwords 3 times already,ACCOUNT_ACCESS_AND_SECURITY,False,Guide the user through account recovery steps or provide a link to the account security team.
case_2609156,I was sent the wrong item! HELP! Who do I contact??? Need it ASAP,REFUND_AND_RETURN_REQUEST,False,Provide clear instructions or a direct link for processing the return or refund.
case_743763,Stop using UPS ! 103 lb package looped around US 4800 miles. You are only company I still buy from that uses UPS #FEDEX #UPSSucks [LINK],SERVICE_COMPLAINT_AND_AGENT_FEEDBACK,False,"Acknowledge the negative experience, apologize sincerely, and ask for further details to improve service."
